trial,accuracy,loss,precision,recall,f1
Trial 2,0.9399389209365456,0.19884690463360907,0.9410586615746129,0.9399389209365456,0.9398941145477917
