trial,accuracy,loss,precision,recall,f1
Trial 3,0.9270444519850696,0.31450854291906183,0.9296742566411649,0.9270444519850696,0.9267032216956343
