trial,accuracy,loss,precision,recall,f1
Trial 326,0.9497794367153037,0.1507063921731222,0.951292837499914,0.9497794367153037,0.9498750247066218
