trial,accuracy,loss,precision,recall,f1
Trial 339,0.9501187648456056,0.13845500985269815,0.9515838456540456,0.9501187648456056,0.9502896969228835
