trial,accuracy,loss,precision,recall,f1
Trial 338,0.9501187648456056,0.13672340905889843,0.9509011256543634,0.9501187648456056,0.9503009924031641
