trial,accuracy,loss,precision,recall,f1
Trial 328,0.9419748897183576,0.17262933710934472,0.9433621260121132,0.9419748897183576,0.9419725657580943
