trial,accuracy,loss,precision,recall,f1
Trial 336,0.9511367492365117,0.14114166075293597,0.9524817915892688,0.9511367492365117,0.9511672393137031
