trial,accuracy,loss,precision,recall,f1
Trial 330,0.9392602646759416,0.16131256840817193,0.9413294410300195,0.9392602646759416,0.9392777089282041
