trial,accuracy,loss,precision,recall,f1
Trial 327,0.9504580929759077,0.18541927535300504,0.9520447684318345,0.9504580929759077,0.9504463534294436
